"Date","Region","New_Tests","Total_Tests","Positivity","Turn_Around"
2020-01-23,"BC",2,2,0,24
2020-01-23,"Fraser",0,0,0,0
2020-01-23,"Interior",0,0,0,0
2020-01-23,"Northern",0,0,0,0
2020-01-23,"Unknown",0,0,0,0
2020-01-23,"Vancouver Coastal",2,2,0,24
2020-01-23,"Vancouver Island",0,0,0,0
2020-01-25,"BC",4,6,0,60
2020-01-25,"Fraser",3,3,0,64
2020-01-25,"Interior",0,0,0,0
2020-01-25,"Northern",0,0,0,0
2020-01-25,"Unknown",0,0,0,0
2020-01-25,"Vancouver Coastal",0,0,0,0
2020-01-25,"Vancouver Island",1,1,0,48
2020-01-26,"BC",20,26,0,80
2020-01-26,"Fraser",13,16,0,87
2020-01-26,"Interior",0,0,0,0
2020-01-26,"Northern",0,0,0,0
2020-01-26,"Unknown",0,0,0,0
2020-01-26,"Vancouver Coastal",7,9,0,69
2020-01-26,"Vancouver Island",0,0,0,0
2020-01-27,"BC",10,36,0,55
2020-01-27,"Fraser",4,20,0,36
2020-01-27,"Interior",0,0,0,0
2020-01-27,"Northern",0,0,0,0
2020-01-27,"Unknown",0,0,0,0
2020-01-27,"Vancouver Coastal",6,15,0,68
2020-01-27,"Vancouver Island",0,0,0,0
2020-01-28,"BC",3,39,0,80
2020-01-28,"Fraser",3,23,0,80
2020-01-28,"Interior",0,0,0,0
2020-01-28,"Northern",0,0,0,0
2020-01-28,"Unknown",0,0,0,0
2020-01-28,"Vancouver Coastal",0,0,0,0
2020-01-28,"Vancouver Island",0,0,0,0
2020-01-29,"BC",26,65,3.85,49
2020-01-29,"Fraser",15,38,0,56
2020-01-29,"Interior",0,0,0,0
2020-01-29,"Northern",1,1,0,96
2020-01-29,"Unknown",0,0,0,0
2020-01-29,"Vancouver Coastal",8,23,12.5,36
2020-01-29,"Vancouver Island",2,3,0,24
2020-01-30,"BC",33,98,0,47
2020-01-30,"Fraser",14,52,0,53
2020-01-30,"Interior",0,0,0,0
2020-01-30,"Northern",0,0,0,0
2020-01-30,"Unknown",0,0,0,0
2020-01-30,"Vancouver Coastal",18,41,0,43
2020-01-30,"Vancouver Island",1,4,0,48
2020-01-31,"BC",23,121,0,34
2020-01-31,"Fraser",18,70,0,37
2020-01-31,"Interior",1,1,0,24
2020-01-31,"Northern",0,0,0,0
2020-01-31,"Unknown",0,0,0,0
2020-01-31,"Vancouver Coastal",4,45,0,24
2020-01-31,"Vancouver Island",0,0,0,0
2020-02-01,"BC",24,145,0,29
2020-02-01,"Fraser",13,83,0,26
2020-02-01,"Interior",2,3,0,24
2020-02-01,"Northern",0,0,0,0
2020-02-01,"Unknown",0,0,0,0
2020-02-01,"Vancouver Coastal",7,52,0,31
2020-02-01,"Vancouver Island",2,6,0,48
2020-02-02,"BC",16,161,6.25,34
2020-02-02,"Fraser",5,88,0,48
2020-02-02,"Interior",0,0,0,0
2020-02-02,"Northern",0,0,0,0
2020-02-02,"Unknown",0,0,0,0
2020-02-02,"Vancouver Coastal",9,61,11.11,19
2020-02-02,"Vancouver Island",2,8,0,72
2020-02-03,"BC",56,217,0,39
2020-02-03,"Fraser",40,128,0,38
2020-02-03,"Interior",0,0,0,0
2020-02-03,"Northern",0,0,0,0
2020-02-03,"Unknown",0,0,0,0
2020-02-03,"Vancouver Coastal",15,76,0,38
2020-02-03,"Vancouver Island",1,9,0,48
2020-02-04,"BC",50,267,12,38
2020-02-04,"Fraser",17,145,0,34
2020-02-04,"Interior",9,12,0,64
2020-02-04,"Northern",0,0,0,0
2020-02-04,"Unknown",3,3,0,72
2020-02-04,"Vancouver Coastal",9,85,0,48
2020-02-04,"Vancouver Island",12,21,33.33,8
2020-02-05,"BC",35,302,0,34
2020-02-05,"Fraser",19,164,0,27
2020-02-05,"Interior",1,13,0,48
2020-02-05,"Northern",1,2,0,144
2020-02-05,"Unknown",0,0,0,0
2020-02-05,"Vancouver Coastal",9,94,0,29
2020-02-05,"Vancouver Island",5,26,0,48
2020-02-06,"BC",63,365,0,28
2020-02-06,"Fraser",32,196,0,22
2020-02-06,"Interior",3,16,0,104
2020-02-06,"Northern",0,0,0,0
2020-02-06,"Unknown",0,0,0,0
2020-02-06,"Vancouver Coastal",22,116,0,19
2020-02-06,"Vancouver Island",6,32,0,60
2020-02-07,"BC",41,406,0,28
2020-02-07,"Fraser",28,224,0,27
2020-02-07,"Interior",0,0,0,0
2020-02-07,"Northern",0,0,0,0
2020-02-07,"Unknown",0,0,0,0
2020-02-07,"Vancouver Coastal",7,123,0,34
2020-02-07,"Vancouver Island",6,38,0,24
2020-02-08,"BC",30,436,0,33
2020-02-08,"Fraser",20,244,0,28
2020-02-08,"Interior",1,17,0,48
2020-02-08,"Northern",2,4,0,72
2020-02-08,"Unknown",0,0,0,0
2020-02-08,"Vancouver Coastal",6,129,0,32
2020-02-08,"Vancouver Island",1,39,0,48
2020-02-09,"BC",10,446,0,12
2020-02-09,"Fraser",0,0,0,0
2020-02-09,"Interior",0,0,0,0
2020-02-09,"Northern",0,0,0,0
2020-02-09,"Unknown",2,5,0,24
2020-02-09,"Vancouver Coastal",8,137,0,9
2020-02-09,"Vancouver Island",0,0,0,0
2020-02-10,"BC",37,483,0,53
2020-02-10,"Fraser",11,255,0,76
2020-02-10,"Interior",0,0,0,0
2020-02-10,"Northern",0,0,0,0
2020-02-10,"Unknown",0,0,0,0
2020-02-10,"Vancouver Coastal",24,161,0,40
2020-02-10,"Vancouver Island",2,41,0,72
2020-02-11,"BC",70,553,0,52
2020-02-11,"Fraser",39,294,0,47
2020-02-11,"Interior",4,21,0,72
2020-02-11,"Northern",1,5,0,72
2020-02-11,"Unknown",0,0,0,0
2020-02-11,"Vancouver Coastal",19,180,0,68
2020-02-11,"Vancouver Island",7,48,0,24
2020-02-12,"BC",55,608,0,29
2020-02-12,"Fraser",28,322,0,21
2020-02-12,"Interior",6,27,0,48
2020-02-12,"Northern",0,0,0,0
2020-02-12,"Unknown",0,0,0,0
2020-02-12,"Vancouver Coastal",15,195,0,35
2020-02-12,"Vancouver Island",6,54,0,32
2020-02-13,"BC",91,699,2.2,28
2020-02-13,"Fraser",55,377,0,22
2020-02-13,"Interior",2,29,100,48
2020-02-13,"Northern",1,6,0,72
2020-02-13,"Unknown",0,0,0,0
2020-02-13,"Vancouver Coastal",27,222,0,34
2020-02-13,"Vancouver Island",6,60,0,44
2020-02-14,"BC",44,743,0,34
2020-02-14,"Fraser",13,390,0,24
2020-02-14,"Interior",2,31,0,48
2020-02-14,"Northern",0,0,0,0
2020-02-14,"Unknown",0,0,0,0
2020-02-14,"Vancouver Coastal",25,247,0,34
2020-02-14,"Vancouver Island",4,64,0,60
2020-02-15,"BC",12,755,0,30
2020-02-15,"Fraser",1,391,0,24
2020-02-15,"Interior",4,35,0,48
2020-02-15,"Northern",0,0,0,0
2020-02-15,"Unknown",0,0,0,0
2020-02-15,"Vancouver Coastal",7,254,0,21
2020-02-15,"Vancouver Island",0,0,0,0
2020-02-16,"BC",29,784,0,56
2020-02-16,"Fraser",8,399,0,66
2020-02-16,"Interior",0,0,0,0
2020-02-16,"Northern",2,8,0,96
2020-02-16,"Unknown",0,0,0,0
2020-02-16,"Vancouver Coastal",11,265,0,52
2020-02-16,"Vancouver Island",8,72,0,42
2020-02-17,"BC",4,788,0,12
2020-02-17,"Fraser",1,400,0,0
2020-02-17,"Interior",0,0,0,0
2020-02-17,"Northern",0,0,0,0
2020-02-17,"Unknown",0,0,0,0
2020-02-17,"Vancouver Coastal",3,268,0,16
2020-02-17,"Vancouver Island",0,0,0,0
2020-02-18,"BC",101,889,1.98,46
2020-02-18,"Fraser",57,457,3.51,55
2020-02-18,"Interior",0,0,0,0
2020-02-18,"Northern",4,12,0,48
2020-02-18,"Unknown",0,0,0,0
2020-02-18,"Vancouver Coastal",36,304,0,31
2020-02-18,"Vancouver Island",4,76,0,54
2020-02-19,"BC",57,946,0,54
2020-02-19,"Fraser",28,485,0,47
2020-02-19,"Interior",10,45,0,106
2020-02-19,"Northern",0,0,0,0
2020-02-19,"Unknown",0,0,0,0
2020-02-19,"Vancouver Coastal",17,321,0,37
2020-02-19,"Vancouver Island",2,78,0,48
2020-02-20,"BC",65,1011,0,38
2020-02-20,"Fraser",37,522,0,36
2020-02-20,"Interior",6,51,0,64
2020-02-20,"Northern",0,0,0,0
2020-02-20,"Unknown",0,0,0,0
2020-02-20,"Vancouver Coastal",20,341,0,37
2020-02-20,"Vancouver Island",2,80,0,24
2020-02-21,"BC",45,1056,4.44,31
2020-02-21,"Fraser",29,551,6.9,28
2020-02-21,"Interior",0,0,0,0
2020-02-21,"Northern",0,0,0,0
2020-02-21,"Unknown",0,0,0,0
2020-02-21,"Vancouver Coastal",16,357,0,36
2020-02-21,"Vancouver Island",0,0,0,0
2020-02-22,"BC",44,1100,4.55,34
2020-02-22,"Fraser",20,571,10,43
2020-02-22,"Interior",3,54,0,16
2020-02-22,"Northern",0,0,0,0
2020-02-22,"Unknown",0,0,0,0
2020-02-22,"Vancouver Coastal",19,376,0,23
2020-02-22,"Vancouver Island",2,82,0,72
2020-02-23,"BC",17,1117,0,25
2020-02-23,"Fraser",11,582,0,35
2020-02-23,"Interior",2,56,0,0
2020-02-23,"Northern",0,0,0,0
2020-02-23,"Unknown",0,0,0,0
2020-02-23,"Vancouver Coastal",4,380,0,12
2020-02-23,"Vancouver Island",0,0,0,0
2020-02-24,"BC",61,1178,0,36
2020-02-24,"Fraser",38,620,0,42
2020-02-24,"Interior",0,0,0,0
2020-02-24,"Northern",0,0,0,0
2020-02-24,"Unknown",0,0,0,0
2020-02-24,"Vancouver Coastal",23,403,0,26
2020-02-24,"Vancouver Island",0,0,0,0
2020-02-25,"BC",76,1254,0,43
2020-02-25,"Fraser",48,668,0,46
2020-02-25,"Interior",1,57,0,96
2020-02-25,"Northern",4,16,0,0
2020-02-25,"Unknown",0,0,0,0
2020-02-25,"Vancouver Coastal",18,421,0,27
2020-02-25,"Vancouver Island",5,87,0,96
2020-02-26,"BC",138,1392,0,30
2020-02-26,"Fraser",76,744,0,28
2020-02-26,"Interior",2,59,0,72
2020-02-26,"Northern",3,19,0,56
2020-02-26,"Unknown",2,7,0,12
2020-02-26,"Vancouver Coastal",53,474,0,32
2020-02-26,"Vancouver Island",2,89,0,24
2020-02-27,"BC",121,1513,0,35
2020-02-27,"Fraser",63,807,0,31
2020-02-27,"Interior",2,61,0,48
2020-02-27,"Northern",1,20,0,72
2020-02-27,"Unknown",1,8,0,24
2020-02-27,"Vancouver Coastal",53,527,0,38
2020-02-27,"Vancouver Island",1,90,0,48
2020-02-28,"BC",148,1661,0,38
2020-02-28,"Fraser",83,890,0,29
2020-02-28,"Interior",11,72,0,87
2020-02-28,"Northern",0,0,0,0
2020-02-28,"Unknown",0,0,0,0
2020-02-28,"Vancouver Coastal",44,571,0,35
2020-02-28,"Vancouver Island",10,100,0,65
2020-02-29,"BC",105,1766,2.86,31
2020-02-29,"Fraser",60,950,3.33,24
2020-02-29,"Interior",4,76,0,60
2020-02-29,"Northern",5,25,0,34
2020-02-29,"Unknown",0,0,0,0
2020-02-29,"Vancouver Coastal",23,594,4.35,38
2020-02-29,"Vancouver Island",13,113,0,46
2020-03-01,"BC",71,1837,1.41,23
2020-03-01,"Fraser",32,982,0,25
2020-03-01,"Interior",0,0,0,0
2020-03-01,"Northern",0,0,0,0
2020-03-01,"Unknown",1,9,0,0
2020-03-01,"Vancouver Coastal",37,631,0,23
2020-03-01,"Vancouver Island",1,114,0,0
2020-03-02,"BC",194,2031,1.03,42
2020-03-02,"Fraser",107,1089,1.87,46
2020-03-02,"Interior",0,0,0,0
2020-03-02,"Northern",0,0,0,0
2020-03-02,"Unknown",0,0,0,0
2020-03-02,"Vancouver Coastal",78,709,0,36
2020-03-02,"Vancouver Island",9,123,0,53
2020-03-03,"BC",310,2341,0.97,46
2020-03-03,"Fraser",121,1210,0.83,36
2020-03-03,"Interior",67,143,0,67
2020-03-03,"Northern",10,35,0,70
2020-03-03,"Unknown",0,0,0,0
2020-03-03,"Vancouver Coastal",87,796,2.3,39
2020-03-03,"Vancouver Island",25,148,0,45
2020-03-04,"BC",484,2825,1.65,39
2020-03-04,"Fraser",213,1423,0.94,31
2020-03-04,"Interior",39,182,0,39
2020-03-04,"Northern",22,57,0,117
2020-03-04,"Unknown",2,11,0,72
2020-03-04,"Vancouver Coastal",170,966,3.53,39
2020-03-04,"Vancouver Island",38,186,0,40
2020-03-05,"BC",369,3194,2.44,40
2020-03-05,"Fraser",164,1587,1.22,34
2020-03-05,"Interior",27,209,0,56
2020-03-05,"Northern",13,70,0,148
2020-03-05,"Unknown",0,0,0,0
2020-03-05,"Vancouver Coastal",112,1078,6.25,32
2020-03-05,"Vancouver Island",53,239,0,43
2020-03-06,"BC",756,3950,0.79,45
2020-03-06,"Fraser",346,1933,0.29,44
2020-03-06,"Interior",60,269,0,49
2020-03-06,"Northern",21,91,0,61
2020-03-06,"Unknown",1,12,0,96
2020-03-06,"Vancouver Coastal",248,1326,2.02,44
2020-03-06,"Vancouver Island",80,319,0,40
2020-03-07,"BC",442,4392,2.04,44
2020-03-07,"Fraser",207,2140,3.38,38
2020-03-07,"Interior",77,346,0,72
2020-03-07,"Northern",5,96,0,53
2020-03-07,"Unknown",0,0,0,0
2020-03-07,"Vancouver Coastal",133,1459,1.5,38
2020-03-07,"Vancouver Island",20,339,0,29
2020-03-08,"BC",391,4783,1.02,47
2020-03-08,"Fraser",193,2333,1.04,31
2020-03-08,"Interior",57,403,0,72
2020-03-08,"Northern",23,119,0,110
2020-03-08,"Unknown",0,0,0,0
2020-03-08,"Vancouver Coastal",47,1506,4.26,43
2020-03-08,"Vancouver Island",71,410,0,50
2020-03-09,"BC",447,5230,2.91,44
2020-03-09,"Fraser",200,2533,3,43
2020-03-09,"Interior",10,413,0,161
2020-03-09,"Northern",3,122,66.67,72
2020-03-09,"Unknown",0,0,0,0
2020-03-09,"Vancouver Coastal",121,1627,3.31,51
2020-03-09,"Vancouver Island",113,523,0.88,28
2020-03-10,"BC",695,5925,1.73,58
2020-03-10,"Fraser",261,2794,1.53,55
2020-03-10,"Interior",146,559,0,85
2020-03-10,"Northern",3,125,0,120
2020-03-10,"Unknown",2,14,0,96
2020-03-10,"Vancouver Coastal",176,1803,3.98,61
2020-03-10,"Vancouver Island",107,630,0,21
2020-03-11,"BC",1137,7062,1.85,45
2020-03-11,"Fraser",373,3167,0.54,44
2020-03-11,"Interior",90,649,0,81
2020-03-11,"Northern",58,183,1.72,78
2020-03-11,"Unknown",1,15,0,72
2020-03-11,"Vancouver Coastal",386,2189,4.4,43
2020-03-11,"Vancouver Island",229,859,0.44,25
2020-03-12,"BC",1079,8141,1.02,38
2020-03-12,"Fraser",322,3489,1.24,41
2020-03-12,"Interior",183,832,0,70
2020-03-12,"Northern",20,203,0,56
2020-03-12,"Unknown",6,21,0,48
2020-03-12,"Vancouver Coastal",334,2523,1.2,36
2020-03-12,"Vancouver Island",214,1073,1.4,5
2020-03-13,"BC",1448,9589,1.17,33
2020-03-13,"Fraser",491,3980,0.2,40
2020-03-13,"Interior",120,952,0,45
2020-03-13,"Northern",21,224,0,64
2020-03-13,"Unknown",9,30,0,24
2020-03-13,"Vancouver Coastal",583,3106,2.4,34
2020-03-13,"Vancouver Island",224,1297,0.89,8
2020-03-14,"BC",1550,11139,1.48,36
2020-03-14,"Fraser",557,4537,0.72,39
2020-03-14,"Interior",250,1202,0,48
2020-03-14,"Northern",56,280,0,73
2020-03-14,"Unknown",14,44,0,33
2020-03-14,"Vancouver Coastal",494,3600,3.24,31
2020-03-14,"Vancouver Island",179,1476,1.68,8
2020-03-15,"BC",1771,12910,2.03,49
2020-03-15,"Fraser",604,5141,2.15,58
2020-03-15,"Interior",207,1409,1.93,36
2020-03-15,"Northern",35,315,0,97
2020-03-15,"Unknown",34,78,0,59
2020-03-15,"Vancouver Coastal",727,4327,2.2,49
2020-03-15,"Vancouver Island",164,1640,1.83,17
2020-03-16,"BC",3423,16333,1.55,62
2020-03-16,"Fraser",1486,6627,0.87,68
2020-03-16,"Interior",334,1743,0,59
2020-03-16,"Northern",69,384,0,96
2020-03-16,"Unknown",59,137,0,69
2020-03-16,"Vancouver Coastal",1134,5461,2.73,66
2020-03-16,"Vancouver Island",341,1981,2.64,19
2020-03-17,"BC",3023,19356,2.28,49
2020-03-17,"Fraser",1047,7674,3.06,50
2020-03-17,"Interior",332,2075,0,62
2020-03-17,"Northern",179,563,0,86
2020-03-17,"Unknown",36,173,0,56
2020-03-17,"Vancouver Coastal",1053,6514,2.56,51
2020-03-17,"Vancouver Island",376,2357,2.39,17
2020-03-18,"BC",1113,20469,4.76,31
2020-03-18,"Fraser",247,7921,4.05,44
2020-03-18,"Interior",46,2121,0,74
2020-03-18,"Northern",54,617,0,72
2020-03-18,"Unknown",10,183,0,53
2020-03-18,"Vancouver Coastal",504,7018,6.15,30
2020-03-18,"Vancouver Island",252,2609,4.37,2
2020-03-19,"BC",854,21323,6.56,33
2020-03-19,"Fraser",161,8082,12.42,47
2020-03-19,"Interior",14,2135,28.57,106
2020-03-19,"Northern",13,630,0,44
2020-03-19,"Unknown",16,199,0,26
2020-03-19,"Vancouver Coastal",605,7623,4.3,29
2020-03-19,"Vancouver Island",45,2654,6.67,12
2020-03-20,"BC",1524,22847,4.4,45
2020-03-20,"Fraser",446,8528,6.05,51
2020-03-20,"Interior",164,2299,2.44,77
2020-03-20,"Northern",42,672,0,129
2020-03-20,"Unknown",17,216,0,45
2020-03-20,"Vancouver Coastal",568,8191,4.93,33
2020-03-20,"Vancouver Island",287,2941,2.44,28
2020-03-21,"BC",2000,24847,5.4,55
2020-03-21,"Fraser",407,8935,10.81,64
2020-03-21,"Interior",626,2925,1.44,77
2020-03-21,"Northern",37,709,2.7,82
2020-03-21,"Unknown",14,230,0,53
2020-03-21,"Vancouver Coastal",527,8718,8.16,39
2020-03-21,"Vancouver Island",389,3330,2.31,28
2020-03-22,"BC",2052,26899,3.17,55
2020-03-22,"Fraser",773,9708,2.2,66
2020-03-22,"Interior",355,3280,3.1,60
2020-03-22,"Northern",102,811,0,109
2020-03-22,"Unknown",10,240,0,24
2020-03-22,"Vancouver Coastal",525,9243,5.33,42
2020-03-22,"Vancouver Island",287,3617,3.14,27
2020-03-23,"BC",1955,28854,4.45,66
2020-03-23,"Fraser",949,10657,3.37,72
2020-03-23,"Interior",123,3403,4.88,83
2020-03-23,"Northern",79,890,2.53,124
2020-03-23,"Unknown",21,261,0,82
2020-03-23,"Vancouver Coastal",555,9798,5.95,55
2020-03-23,"Vancouver Island",228,3845,5.26,40
2020-03-24,"BC",1894,30748,4.17,40
2020-03-24,"Fraser",635,11292,3.78,52
2020-03-24,"Interior",183,3586,9.29,49
2020-03-24,"Northern",17,907,5.88,92
2020-03-24,"Unknown",7,268,0,21
2020-03-24,"Vancouver Coastal",666,10464,4.5,33
2020-03-24,"Vancouver Island",386,4231,1.55,26
2020-03-25,"BC",2703,33451,3.7,61
2020-03-25,"Fraser",1104,12396,3.26,58
2020-03-25,"Interior",639,4225,1.41,76
2020-03-25,"Northern",137,1044,0.73,74
2020-03-25,"Unknown",23,291,0,77
2020-03-25,"Vancouver Coastal",740,11204,6.89,44
2020-03-25,"Vancouver Island",60,4291,3.33,123
2020-03-26,"BC",2589,36040,3.71,51
2020-03-26,"Fraser",700,13096,6,42
2020-03-26,"Interior",783,5008,2.55,82
2020-03-26,"Northern",157,1201,2.55,85
2020-03-26,"Unknown",9,300,0,40
2020-03-26,"Vancouver Coastal",552,11756,4.35,27
2020-03-26,"Vancouver Island",388,4679,1.29,26
2020-03-27,"BC",2138,38178,3.37,34
2020-03-27,"Fraser",767,13863,4.17,35
2020-03-27,"Interior",365,5373,1.1,47
2020-03-27,"Northern",105,1306,0.95,71
2020-03-27,"Unknown",15,315,0,26
2020-03-27,"Vancouver Coastal",508,12264,6.3,26
2020-03-27,"Vancouver Island",378,5057,0.79,22
2020-03-28,"BC",1788,39966,4.08,35
2020-03-28,"Fraser",506,14369,4.94,37
2020-03-28,"Interior",425,5798,2.35,42
2020-03-28,"Northern",91,1397,2.2,69
2020-03-28,"Unknown",4,319,0,24
2020-03-28,"Vancouver Coastal",448,12712,6.47,24
2020-03-28,"Vancouver Island",314,5371,2.23,25
2020-03-29,"BC",1569,41535,3.06,36
2020-03-29,"Fraser",618,14987,2.75,41
2020-03-29,"Interior",330,6128,2.12,40
2020-03-29,"Northern",59,1456,0,70
2020-03-29,"Unknown",14,333,0,93
2020-03-29,"Vancouver Coastal",329,13041,6.99,22
2020-03-29,"Vancouver Island",219,5590,0.46,23
2020-03-30,"BC",1007,42542,5.96,39
2020-03-30,"Fraser",408,15395,5.39,46
2020-03-30,"Interior",111,6239,5.41,35
2020-03-30,"Northern",46,1502,2.17,91
2020-03-30,"Unknown",3,336,0,48
2020-03-30,"Vancouver Coastal",272,13313,11.03,31
2020-03-30,"Vancouver Island",167,5757,0.6,23
2020-03-31,"BC",999,43541,3.7,42
2020-03-31,"Fraser",521,15916,3.45,45
2020-03-31,"Interior",8,6247,0,129
2020-03-31,"Northern",75,1577,1.33,81
2020-03-31,"Unknown",9,345,0,56
2020-03-31,"Vancouver Coastal",381,13694,4.72,27
2020-03-31,"Vancouver Island",5,5762,0,67
2020-04-01,"BC",1173,44714,4.52,29
2020-04-01,"Fraser",423,16339,5.44,32
2020-04-01,"Interior",220,6467,4.09,29
2020-04-01,"Northern",8,1585,0,93
2020-04-01,"Unknown",8,353,0,30
2020-04-01,"Vancouver Coastal",312,14006,6.41,25
2020-04-01,"Vancouver Island",202,5964,0.5,23
2020-04-02,"BC",1145,45859,5.24,32
2020-04-02,"Fraser",492,16831,5.49,31
2020-04-02,"Interior",14,6481,0,70
2020-04-02,"Northern",113,1698,4.42,82
2020-04-02,"Unknown",10,363,0,38
2020-04-02,"Vancouver Coastal",305,14311,7.54,20
2020-04-02,"Vancouver Island",211,6175,2.37,23
2020-04-03,"BC",1177,47036,3.91,27
2020-04-03,"Fraser",417,17248,4.8,30
2020-04-03,"Interior",216,6697,3.7,26
2020-04-03,"Northern",49,1747,0,71
2020-04-03,"Unknown",9,372,0,21
2020-04-03,"Vancouver Coastal",265,14576,4.91,18
2020-04-03,"Vancouver Island",221,6396,2.26,24
2020-04-04,"BC",1239,48275,3.23,30
2020-04-04,"Fraser",540,17788,3.52,31
2020-04-04,"Interior",167,6864,0,31
2020-04-04,"Northern",59,1806,3.39,75
2020-04-04,"Unknown",14,386,0,31
2020-04-04,"Vancouver Coastal",269,14845,5.95,25
2020-04-04,"Vancouver Island",190,6586,1.58,20
2020-04-05,"BC",752,49027,2.39,28
2020-04-05,"Fraser",209,17997,3.35,28
2020-04-05,"Interior",144,7008,1.39,23
2020-04-05,"Northern",58,1864,1.72,84
2020-04-05,"Unknown",7,393,0,24
2020-04-05,"Vancouver Coastal",172,15017,4.65,19
2020-04-05,"Vancouver Island",162,6748,0,23
2020-04-06,"BC",837,49864,7.77,28
2020-04-06,"Fraser",277,18274,14.08,36
2020-04-06,"Interior",118,7126,0.85,24
2020-04-06,"Northern",59,1923,0,59
2020-04-06,"Unknown",9,402,0,35
2020-04-06,"Vancouver Coastal",227,15244,10.57,17
2020-04-06,"Vancouver Island",147,6895,0,21
2020-04-07,"BC",1084,50948,4.52,30
2020-04-07,"Fraser",400,18674,7,39
2020-04-07,"Interior",172,7298,4.07,25
2020-04-07,"Northern",19,1942,0,43
2020-04-07,"Unknown",11,413,0,35
2020-04-07,"Vancouver Coastal",274,15518,4.38,26
2020-04-07,"Vancouver Island",208,7103,0.96,21
2020-04-08,"BC",1200,52148,4.67,30
2020-04-08,"Fraser",476,19150,7.35,33
2020-04-08,"Interior",179,7477,1.68,24
2020-04-08,"Northern",77,2019,2.6,83
2020-04-08,"Unknown",12,425,0,44
2020-04-08,"Vancouver Coastal",267,15785,4.87,20
2020-04-08,"Vancouver Island",189,7292,1.06,18
2020-04-09,"BC",1178,53326,4.75,29
2020-04-09,"Fraser",444,19594,8.11,34
2020-04-09,"Interior",172,7649,4.07,24
2020-04-09,"Northern",67,2086,2.99,77
2020-04-09,"Unknown",14,439,0,34
2020-04-09,"Vancouver Coastal",293,16078,3.41,19
2020-04-09,"Vancouver Island",188,7480,0.53,18
2020-04-10,"BC",1533,54859,3.65,30
2020-04-10,"Fraser",608,20202,5.76,35
2020-04-10,"Interior",190,7839,2.11,23
2020-04-10,"Northern",101,2187,0.99,63
2020-04-10,"Unknown",18,457,0,76
2020-04-10,"Vancouver Coastal",406,16484,3.69,21
2020-04-10,"Vancouver Island",210,7690,0.48,22
2020-04-11,"BC",938,55797,2.88,27
2020-04-11,"Fraser",390,20592,3.33,32
2020-04-11,"Interior",121,7960,2.48,19
2020-04-11,"Northern",50,2237,4,46
2020-04-11,"Unknown",7,464,0,24
2020-04-11,"Vancouver Coastal",183,16667,2.73,21
2020-04-11,"Vancouver Island",187,7877,2.14,21
2020-04-12,"BC",844,56641,4.98,25
2020-04-12,"Fraser",293,20885,6.48,30
2020-04-12,"Interior",151,8111,11.26,25
2020-04-12,"Northern",6,2243,0,40
2020-04-12,"Unknown",6,470,0,28
2020-04-12,"Vancouver Coastal",243,16910,1.23,22
2020-04-12,"Vancouver Island",145,8022,2.07,22
2020-04-13,"BC",856,57497,5.02,34
2020-04-13,"Fraser",303,21188,4.29,39
2020-04-13,"Interior",100,8211,10,31
2020-04-13,"Northern",90,2333,2.22,67
2020-04-13,"Unknown",9,479,0,19
2020-04-13,"Vancouver Coastal",240,17150,5.83,22
2020-04-13,"Vancouver Island",114,8136,3.51,24
2020-04-14,"BC",748,58245,7.49,28
2020-04-14,"Fraser",239,21427,9.21,30
2020-04-14,"Interior",130,8341,5.38,34
2020-04-14,"Northern",49,2382,2.04,70
2020-04-14,"Unknown",9,488,0,32
2020-04-14,"Vancouver Coastal",196,17346,11.22,16
2020-04-14,"Vancouver Island",125,8261,3.2,21
2020-04-15,"BC",1349,59594,4.52,26
2020-04-15,"Fraser",558,21985,7.89,32
2020-04-15,"Interior",166,8507,2.41,20
2020-04-15,"Northern",42,2424,4.76,46
2020-04-15,"Unknown",22,510,0,25
2020-04-15,"Vancouver Coastal",353,17699,1.98,20
2020-04-15,"Vancouver Island",208,8469,1.92,20
2020-04-16,"BC",1486,61080,4.1,25
2020-04-16,"Fraser",569,22554,5.98,29
2020-04-16,"Interior",193,8700,2.07,27
2020-04-16,"Northern",82,2506,1.22,44
2020-04-16,"Unknown",43,553,0,20
2020-04-16,"Vancouver Coastal",381,18080,4.99,19
2020-04-16,"Vancouver Island",218,8687,0.92,17
2020-04-17,"BC",1338,62418,2.54,23
2020-04-17,"Fraser",476,23030,3.57,27
2020-04-17,"Interior",171,8871,1.75,23
2020-04-17,"Northern",33,2539,6.06,44
2020-04-17,"Unknown",9,562,0,21
2020-04-17,"Vancouver Coastal",415,18495,2.17,19
2020-04-17,"Vancouver Island",234,8921,1.28,19
2020-04-18,"BC",1270,63688,3.15,26
2020-04-18,"Fraser",401,23431,2.74,31
2020-04-18,"Interior",137,9008,0.73,21
2020-04-18,"Northern",74,2613,6.76,45
2020-04-18,"Unknown",11,573,0,35
2020-04-18,"Vancouver Coastal",444,18939,3.6,21
2020-04-18,"Vancouver Island",203,9124,2.46,23
2020-04-19,"BC",990,64678,3.64,27
2020-04-19,"Fraser",388,23819,6.19,31
2020-04-19,"Interior",140,9148,0.71,23
2020-04-19,"Northern",12,2625,8.33,46
2020-04-19,"Unknown",7,580,0,24
2020-04-19,"Vancouver Coastal",281,19220,2.85,23
2020-04-19,"Vancouver Island",162,9286,1.23,27
2020-04-20,"BC",1246,65924,4.33,25
2020-04-20,"Fraser",474,24293,7.17,28
2020-04-20,"Interior",171,9319,2.92,18
2020-04-20,"Northern",93,2718,0,45
2020-04-20,"Unknown",10,590,0,31
2020-04-20,"Vancouver Coastal",328,19548,2.44,22
2020-04-20,"Vancouver Island",170,9456,4.12,20
2020-04-21,"BC",1485,67409,5.45,26
2020-04-21,"Fraser",655,24948,5.04,29
2020-04-21,"Interior",151,9470,3.31,30
2020-04-21,"Northern",58,2776,0,46
2020-04-21,"Unknown",7,597,0,34
2020-04-21,"Vancouver Coastal",404,19952,10.4,21
2020-04-21,"Vancouver Island",210,9666,0.48,16
2020-04-22,"BC",1870,69279,1.93,24
2020-04-22,"Fraser",610,25558,2.13,23
2020-04-22,"Interior",387,9857,1.29,29
2020-04-22,"Northern",91,2867,1.1,36
2020-04-22,"Unknown",20,617,0,19
2020-04-22,"Vancouver Coastal",519,20471,2.5,22
2020-04-22,"Vancouver Island",243,9909,1.23,19
2020-04-23,"BC",2300,71579,3.74,25
2020-04-23,"Fraser",870,26428,6.55,27
2020-04-23,"Interior",340,10197,1.18,28
2020-04-23,"Northern",101,2968,0.99,40
2020-04-23,"Unknown",19,636,0,28
2020-04-23,"Vancouver Coastal",573,21044,3.32,22
2020-04-23,"Vancouver Island",397,10306,1.01,19
2020-04-24,"BC",2536,74115,2.72,27
2020-04-24,"Fraser",943,27371,5.2,29
2020-04-24,"Interior",427,10624,0.7,26
2020-04-24,"Northern",99,3067,2.02,35
2020-04-24,"Unknown",25,661,0,24
2020-04-24,"Vancouver Coastal",635,21679,2.05,26
2020-04-24,"Vancouver Island",407,10713,0.25,21
2020-04-25,"BC",2447,76562,1.72,26
2020-04-25,"Fraser",701,28072,2.57,31
2020-04-25,"Interior",346,10970,0.29,25
2020-04-25,"Northern",116,3183,0,33
2020-04-25,"Unknown",28,689,0,30
2020-04-25,"Vancouver Coastal",787,22466,2.41,24
2020-04-25,"Vancouver Island",469,11182,0.43,22
2020-04-26,"BC",2239,78801,1.97,30
2020-04-26,"Fraser",908,28980,3.41,34
2020-04-26,"Interior",260,11230,2.69,32
2020-04-26,"Northern",103,3286,0,42
2020-04-26,"Unknown",10,699,0,26
2020-04-26,"Vancouver Coastal",638,23104,0.78,27
2020-04-26,"Vancouver Island",320,11502,0.31,21
2020-04-27,"BC",2108,80909,2.89,27
2020-04-27,"Fraser",910,29890,4.84,32
2020-04-27,"Interior",255,11485,0.78,28
2020-04-27,"Northern",62,3348,1.61,30
2020-04-27,"Unknown",26,725,0,27
2020-04-27,"Vancouver Coastal",529,23633,2.27,22
2020-04-27,"Vancouver Island",326,11828,0.31,18
2020-04-28,"BC",2767,83676,2.1,25
2020-04-28,"Fraser",1135,31025,3.61,30
2020-04-28,"Interior",401,11886,0.25,24
2020-04-28,"Northern",68,3416,2.94,40
2020-04-28,"Unknown",21,746,0,25
2020-04-28,"Vancouver Coastal",696,24329,1.87,21
2020-04-28,"Vancouver Island",446,12274,0.22,19
2020-04-29,"BC",2662,86338,1.54,25
2020-04-29,"Fraser",1042,32067,2.78,28
2020-04-29,"Interior",346,12232,1.45,28
2020-04-29,"Northern",107,3523,1.87,42
2020-04-29,"Unknown",19,765,0,71
2020-04-29,"Vancouver Coastal",687,25016,0.73,20
2020-04-29,"Vancouver Island",461,12735,0,20
2020-04-30,"BC",2643,88981,1.48,28
2020-04-30,"Fraser",857,32924,2.33,31
2020-04-30,"Interior",431,12663,0.93,31
2020-04-30,"Northern",180,3703,1.67,40
2020-04-30,"Unknown",23,788,0,26
2020-04-30,"Vancouver Coastal",691,25707,1.59,24
2020-04-30,"Vancouver Island",461,13196,0.22,20
2020-05-01,"BC",2826,91807,2.09,28
2020-05-01,"Fraser",1006,33930,4.47,30
2020-05-01,"Interior",412,13075,0,33
2020-05-01,"Northern",118,3821,0.85,39
2020-05-01,"Unknown",18,806,0,37
2020-05-01,"Vancouver Coastal",757,26464,1.32,25
2020-05-01,"Vancouver Island",515,13711,0.39,22
2020-05-02,"BC",2667,94474,1.61,29
2020-05-02,"Fraser",940,34870,2.23,32
2020-05-02,"Interior",431,13506,0.46,31
2020-05-02,"Northern",157,3978,0.64,34
2020-05-02,"Unknown",14,820,0,27
2020-05-02,"Vancouver Coastal",708,27172,2.54,25
2020-05-02,"Vancouver Island",417,14128,0.24,25
2020-05-03,"BC",2424,96898,1.86,30
2020-05-03,"Fraser",804,35674,3.98,34
2020-05-03,"Interior",475,13981,0.42,29
2020-05-03,"Northern",57,4035,3.51,37
2020-05-03,"Unknown",19,839,0,30
2020-05-03,"Vancouver Coastal",687,27859,1.31,30
2020-05-03,"Vancouver Island",382,14510,0,22
2020-05-04,"BC",1989,98887,2.06,23
2020-05-04,"Fraser",676,36350,3.85,26
2020-05-04,"Interior",528,14509,0.95,22
2020-05-04,"Northern",67,4102,2.99,28
2020-05-04,"Unknown",12,851,0,20
2020-05-04,"Vancouver Coastal",405,28264,1.48,22
2020-05-04,"Vancouver Island",301,14811,0,17
2020-05-05,"BC",2100,100987,2.05,24
2020-05-05,"Fraser",596,36946,5.03,28
2020-05-05,"Interior",492,15001,0.61,27
2020-05-05,"Northern",72,4174,4.17,32
2020-05-05,"Unknown",16,867,0,21
2020-05-05,"Vancouver Coastal",606,28870,1.16,22
2020-05-05,"Vancouver Island",318,15129,0,18
2020-05-06,"BC",2839,103826,1.2,25
2020-05-06,"Fraser",934,37880,1.71,25
2020-05-06,"Interior",754,15755,0.4,26
2020-05-06,"Northern",109,4283,0,38
2020-05-06,"Unknown",18,885,0,32
2020-05-06,"Vancouver Coastal",634,29504,2.37,22
2020-05-06,"Vancouver Island",390,15519,0,20
2020-05-07,"BC",2691,106517,1.56,26
2020-05-07,"Fraser",854,38734,2.93,29
2020-05-07,"Interior",751,16506,0.27,26
2020-05-07,"Northern",116,4399,0.86,39
2020-05-07,"Unknown",11,896,0,22
2020-05-07,"Vancouver Coastal",581,30085,2.07,25
2020-05-07,"Vancouver Island",378,15897,0.53,19
2020-05-08,"BC",2129,108646,1.74,24
2020-05-08,"Fraser",806,39540,2.48,25
2020-05-08,"Interior",303,16809,0,27
2020-05-08,"Northern",104,4503,0.96,32
2020-05-08,"Unknown",21,917,0,24
2020-05-08,"Vancouver Coastal",566,30651,2.83,24
2020-05-08,"Vancouver Island",329,16226,0,18
2020-05-09,"BC",1884,110530,1.54,24
2020-05-09,"Fraser",650,40190,3.38,24
2020-05-09,"Interior",334,17143,0.9,26
2020-05-09,"Northern",67,4570,1.49,32
2020-05-09,"Unknown",26,943,0,33
2020-05-09,"Vancouver Coastal",560,31211,0.54,22
2020-05-09,"Vancouver Island",247,16473,0,21
2020-05-10,"BC",1267,111797,1.34,24
2020-05-10,"Fraser",390,40580,3.08,28
2020-05-10,"Interior",187,17330,1.07,20
2020-05-10,"Northern",48,4618,0,38
2020-05-10,"Unknown",12,955,0,26
2020-05-10,"Vancouver Coastal",430,31641,0.7,22
2020-05-10,"Vancouver Island",200,16673,0,21
2020-05-11,"BC",1192,112989,1.76,23
2020-05-11,"Fraser",475,41055,2.95,29
2020-05-11,"Interior",171,17501,1.75,19
2020-05-11,"Northern",32,4650,3.12,36
2020-05-11,"Unknown",20,975,0,29
2020-05-11,"Vancouver Coastal",287,31928,1.05,21
2020-05-11,"Vancouver Island",207,16880,0,16
2020-05-12,"BC",1764,114753,1.42,22
2020-05-12,"Fraser",718,41773,2.51,22
2020-05-12,"Interior",211,17712,0.47,25
2020-05-12,"Northern",39,4689,0,32
2020-05-12,"Unknown",16,991,0,26
2020-05-12,"Vancouver Coastal",521,32449,1.15,23
2020-05-12,"Vancouver Island",259,17139,0,17
2020-05-13,"BC",2074,116827,1.69,22
2020-05-13,"Fraser",731,42504,4.1,21
2020-05-13,"Interior",301,18013,0,25
2020-05-13,"Northern",63,4752,3.17,38
2020-05-13,"Unknown",18,1009,0,20
2020-05-13,"Vancouver Coastal",596,33045,0.5,21
2020-05-13,"Vancouver Island",365,17504,0,19
2020-05-14,"BC",2013,118840,1.84,24
2020-05-14,"Fraser",647,43151,3.09,25
2020-05-14,"Interior",338,18351,0.3,27
2020-05-14,"Northern",79,4831,1.27,47
2020-05-14,"Unknown",18,1027,0,21
2020-05-14,"Vancouver Coastal",602,33647,2.49,22
2020-05-14,"Vancouver Island",329,17833,0,19
2020-05-15,"BC",1956,120796,1.53,25
2020-05-15,"Fraser",760,43911,3.42,25
2020-05-15,"Interior",232,18583,0,34
2020-05-15,"Northern",74,4905,2.7,37
2020-05-15,"Unknown",14,1041,0,26
2020-05-15,"Vancouver Coastal",554,34201,0,23
2020-05-15,"Vancouver Island",322,18155,0.31,19
2020-05-16,"BC",1719,122515,1.05,26
2020-05-16,"Fraser",585,44496,2.05,26
2020-05-16,"Interior",331,18914,0.6,31
2020-05-16,"Northern",64,4969,0,38
2020-05-16,"Unknown",6,1047,0,28
2020-05-16,"Vancouver Coastal",449,34650,0.89,23
2020-05-16,"Vancouver Island",284,18439,0,21
2020-05-17,"BC",1411,123926,1.06,25
2020-05-17,"Fraser",552,45048,1.45,26
2020-05-17,"Interior",236,19150,0,29
2020-05-17,"Northern",44,5013,0,47
2020-05-17,"Unknown",12,1059,0,22
2020-05-17,"Vancouver Coastal",388,35038,1.8,22
2020-05-17,"Vancouver Island",179,18618,0,20
2020-05-18,"BC",1143,125069,1.4,24
2020-05-18,"Fraser",522,45570,2.3,25
2020-05-18,"Interior",132,19282,0,20
2020-05-18,"Northern",19,5032,0,35
2020-05-18,"Unknown",12,1071,0,14
2020-05-18,"Vancouver Coastal",311,35349,1.29,23
2020-05-18,"Vancouver Island",147,18765,0,24
2020-05-19,"BC",1167,126236,1.63,20
2020-05-19,"Fraser",466,46036,2.15,19
2020-05-19,"Interior",170,19452,1.76,17
2020-05-19,"Northern",21,5053,4.76,49
2020-05-19,"Unknown",13,1084,0,18
2020-05-19,"Vancouver Coastal",308,35657,1.62,21
2020-05-19,"Vancouver Island",189,18954,0,17
2020-05-20,"BC",1787,128023,1.51,24
2020-05-20,"Fraser",619,46655,1.78,26
2020-05-20,"Interior",283,19735,0,23
2020-05-20,"Northern",57,5110,0,33
2020-05-20,"Unknown",12,1096,0,28
2020-05-20,"Vancouver Coastal",512,36169,2.93,24
2020-05-20,"Vancouver Island",304,19258,0.33,19
2020-05-21,"BC",1920,129943,2.5,24
2020-05-21,"Fraser",696,47351,3.74,25
2020-05-21,"Interior",254,19989,0.79,19
2020-05-21,"Northern",77,5187,3.9,35
2020-05-21,"Unknown",22,1118,0,23
2020-05-21,"Vancouver Coastal",557,36726,2.51,25
2020-05-21,"Vancouver Island",314,19572,0.32,18
2020-05-22,"BC",1872,131815,0.8,23
2020-05-22,"Fraser",689,48040,1.16,25
2020-05-22,"Interior",274,20263,0.36,20
2020-05-22,"Northern",73,5260,0,33
2020-05-22,"Unknown",21,1139,0,21
2020-05-22,"Vancouver Coastal",493,37219,1.22,23
2020-05-22,"Vancouver Island",322,19894,0,18
2020-05-23,"BC",1812,133627,1.27,26
2020-05-23,"Fraser",643,48683,1.71,28
2020-05-23,"Interior",220,20483,0,26
2020-05-23,"Northern",82,5342,2.44,31
2020-05-23,"Unknown",24,1163,0,20
2020-05-23,"Vancouver Coastal",550,37769,1.82,26
2020-05-23,"Vancouver Island",293,20187,0,22
2020-05-24,"BC",1563,135190,0.64,26
2020-05-24,"Fraser",609,49292,1.48,29
2020-05-24,"Interior",254,20737,0,25
2020-05-24,"Northern",59,5401,1.69,39
2020-05-24,"Unknown",9,1172,0,32
2020-05-24,"Vancouver Coastal",439,38208,0,25
2020-05-24,"Vancouver Island",193,20380,0,19
